{"name":"5d074b50-002b-4c84-b840-75fc97d55281","id":"/providers/Microsoft.Flow/flows/5d074b50-002b-4c84-b840-75fc97d55281","type":"Microsoft.Flow/flows","properties":{"apiId":"/providers/Microsoft.PowerApps/apis/shared_logicflows","displayName":"法人番号","definition":{"metadata":{"workflowEntityId":null,"processAdvisorMetadata":null,"flowChargedByPaygo":null,"flowclientsuspensionreason":"None","flowclientsuspensiontime":null,"flowclientsuspensionreasondetails":"","creator":{"id":"62d1a170-2661-462f-88bd-5434752bcb55","type":"User","tenantId":"3081431d-4d4f-49e6-bc76-7c3648f2ff5a"},"provisioningMethod":"FromDefinition","failureAlertSubscription":true,"clientLastModifiedTime":"2024-08-30T22:40:41.0022373Z","connectionKeySavedTimeKey":"2024-08-30T01:08:24.4963388Z"},"$schema":"https://schema.management.azure.com/providers/Microsoft.Logic/schemas/2016-06-01/workflowdefinition.json#","contentVersion":"undefined","parameters":{"$authentication":{"defaultValue":{},"type":"SecureObject"},"$connections":{"defaultValue":{},"type":"Object"}},"triggers":{"Recurrence":{"recurrence":{"frequency":"Minute","interval":"10","startTime":"2024-08-30T01:00:00.000Z"},"type":"Recurrence"}},"actions":{"選択した環境の行を一覧表示する":{"runAfter":{},"type":"OpenApiConnection","inputs":{"parameters":{"organization":"https://org6c7d8113.crm7.dynamics.com","entityName":"cr5b0_00_zenkoku_all_20240731s","$select":"cr5b0_00_zenkoku_all_20240731id"},"host":{"apiId":"/providers/Microsoft.PowerApps/apis/shared_commondataserviceforapps","connectionName":"shared_commondataserviceforapps","operationId":"ListRecordsWithOrganization"},"authentication":"@parameters('$authentication')"}},"変数を初期化する":{"runAfter":{"選択した環境の行を一覧表示する":["Succeeded"]},"type":"InitializeVariable","inputs":{"variables":[{"name":"Len","type":"integer","value":"@length(outputs('選択した環境の行を一覧表示する')?['body/value'])"}]}},"条件":{"actions":{"メールの送信_(V2)":{"type":"OpenApiConnection","inputs":{"parameters":{"emailMessage/To":"admin@awajicho.onmicrosoft.com","emailMessage/Subject":"o件","emailMessage/Body":"<p class=\"editor-paragraph\">o件</p>","emailMessage/Importance":"Normal"},"host":{"apiId":"/providers/Microsoft.PowerApps/apis/shared_office365","connectionName":"shared_office365","operationId":"SendEmailV2"},"authentication":"@parameters('$authentication')"}},"選択した環境に新しい行を追加する":{"runAfter":{"メールの送信_(V2)":["Succeeded"]},"type":"OpenApiConnection","inputs":{"parameters":{"organization":"https://org6c7d8113.crm7.dynamics.com","entityName":"cr5b0_00_zenkoku_all_20240731s","item/cr5b0_column1":"Fin"},"host":{"apiId":"/providers/Microsoft.PowerApps/apis/shared_commondataserviceforapps","connectionName":"shared_commondataserviceforapps","operationId":"CreateRecordWithOrganization"},"authentication":"@parameters('$authentication')"}}},"runAfter":{"変数を初期化する":["Succeeded"]},"else":{"actions":{}},"expression":{"and":[{"equals":["@variables('Len')",0]}]},"type":"If"}}},"connectionReferences":{"shared_commondataserviceforapps":{"connectionName":"shared-commondataser-fa5624ed-91fd-47a4-8874-52cedf66e5b1","source":"Embedded","id":"/providers/Microsoft.PowerApps/apis/shared_commondataserviceforapps","tier":"NotSpecified"},"shared_office365":{"connectionName":"shared-office365-056a12bd-6e39-4f68-869f-bc1718eb7014","source":"Embedded","id":"/providers/Microsoft.PowerApps/apis/shared_office365","tier":"NotSpecified"}},"flowFailureAlertSubscribed":false,"isManaged":false}}